<?xml version="1.0"?>
<!-- This comment belongs to Document Node -->

<?xml-stylesheet href="XSL\Sample.html.xsl" type="text/xsl"?>

<root doc-id="Sample.xml" purpose="test" xml:lang="en-us">

    <!-- This is first comment of root node -->
<?odbc-to-xml table="test" ?>

    <pub>
        <book FirstBook="false" id="0">
            <name>NameA2</name>
        </book>
        <book FirstBook="true" id="1" testAttr="one">
            <name>NameA1</name>
            <author>AuthorA1</author>
        </book>
        <book id="2">
            <name>NameA2B2</name>
            <author>AuthorA2</author>
            <pub>
                <book>
                    <name>NameZ</name>
                    <author>AuthorZ</author>
                </book>
            </pub>
        </book>
    </pub>
</root>
